<?xml version="1.0" encoding="UTF-8" ?>

<NotepadPlus>
    <ScintillaContextMenu>
		<Item MenuEntryName="Edit" MenuItemName="Undo"/>
        <Item MenuEntryName="Edit" MenuItemName="Redo"/>
		<Item id="0"/>
        <Item MenuEntryName="Edit" MenuItemName="Cut"/>
        <Item MenuEntryName="Edit" MenuItemName="Copy"/>
        <Item MenuEntryName="Edit" MenuItemName="Paste"/>
        <Item MenuEntryName="Edit" MenuItemName="Delete"/>
        <Item MenuEntryName="Edit" MenuItemName="Select all"/>
        <Item id="0"/>
        <Item MenuEntryName="Edit" MenuItemName="Block Comment"/>
        <Item MenuEntryName="Edit" MenuItemName="Block Uncomment"/>
    </ScintillaContextMenu>
</NotepadPlus>
