<?xml version="1.0" encoding="UTF-8" ?>
<NotepadPlus>
    <Session activeView="0">
        <mainView activeIndex="5">
            <File firstVisibleLine="1696" xOffset="0" scrollWidth="2057" startPos="57979" endPos="57979" selMode="0" offset="0" wrapCount="1" lang="JavaScript" encoding="-1" userReadOnly="no" filename="E:\soul\! soul\menu.js" backupFilePath="" originalFileLastModifTimestamp="1391570432" originalFileLastModifTimestampHigh="31045333" mapFirstVisibleDisplayLine="-1" mapFirstVisibleDocLine="-1" mapLastVisibleDocLine="-1" mapNbLine="-1" mapHigherPos="-1" mapWidth="-1" mapHeight="-1" mapKByteInDoc="3145776" mapWrapIndentMode="-1" mapIsWrap="no" />
            <File firstVisibleLine="55" xOffset="0" scrollWidth="1003" startPos="1792" endPos="1792" selMode="0" offset="0" wrapCount="1" lang="JavaScript" encoding="-1" userReadOnly="no" filename="E:\soul\! soul\script.js" backupFilePath="" originalFileLastModifTimestamp="-324650752" originalFileLastModifTimestampHigh="31044836" mapFirstVisibleDisplayLine="-1" mapFirstVisibleDocLine="-1" mapLastVisibleDocLine="-1" mapNbLine="-1" mapHigherPos="-1" mapWidth="-1" mapHeight="-1" mapKByteInDoc="1149173760" mapWrapIndentMode="-1" mapIsWrap="no" />
            <File firstVisibleLine="279" xOffset="0" scrollWidth="1309" startPos="7726" endPos="7575" selMode="0" offset="0" wrapCount="1" lang="C++" encoding="-1" userReadOnly="no" filename="E:\soul\code\include\text.h" backupFilePath="" originalFileLastModifTimestamp="1832686080" originalFileLastModifTimestampHigh="31045520" mapFirstVisibleDisplayLine="-1" mapFirstVisibleDocLine="-1" mapLastVisibleDocLine="-1" mapNbLine="-1" mapHigherPos="-1" mapWidth="-1" mapHeight="-1" mapKByteInDoc="1149173760" mapWrapIndentMode="-1" mapIsWrap="no" />
            <File firstVisibleLine="42" xOffset="0" scrollWidth="850" startPos="1128" endPos="1128" selMode="0" offset="0" wrapCount="1" lang="C" encoding="-1" userReadOnly="no" filename="E:\soul\code\examples\general\match.c" backupFilePath="" originalFileLastModifTimestamp="1265636864" originalFileLastModifTimestampHigh="31045916" mapFirstVisibleDisplayLine="-1" mapFirstVisibleDocLine="-1" mapLastVisibleDocLine="-1" mapNbLine="-1" mapHigherPos="-1" mapWidth="-1" mapHeight="-1" mapKByteInDoc="1718165536" mapWrapIndentMode="-1" mapIsWrap="no" />
            <File firstVisibleLine="92" xOffset="0" scrollWidth="1632" startPos="2502" endPos="2511" selMode="0" offset="0" wrapCount="1" lang="C++" encoding="-1" userReadOnly="no" filename="E:\soul\code\examples\general\match.h" backupFilePath="" originalFileLastModifTimestamp="-289199616" originalFileLastModifTimestampHigh="31045920" mapFirstVisibleDisplayLine="-1" mapFirstVisibleDocLine="-1" mapLastVisibleDocLine="-1" mapNbLine="-1" mapHigherPos="-1" mapWidth="-1" mapHeight="-1" mapKByteInDoc="3145776" mapWrapIndentMode="-1" mapIsWrap="no" />
            <File firstVisibleLine="217" xOffset="0" scrollWidth="1054" startPos="5139" endPos="5139" selMode="0" offset="0" wrapCount="1" lang="C++" encoding="-1" userReadOnly="no" filename="E:\soul\code\examples\general\standard.h" backupFilePath="E:\soul\code\binary\editor\backup\standard.h@2023-07-17_214528" originalFileLastModifTimestamp="805636864" originalFileLastModifTimestampHigh="31045916" mapFirstVisibleDisplayLine="-1" mapFirstVisibleDocLine="-1" mapLastVisibleDocLine="-1" mapNbLine="-1" mapHigherPos="-1" mapWidth="-1" mapHeight="-1" mapKByteInDoc="3145776" mapWrapIndentMode="-1" mapIsWrap="no" />
            <File firstVisibleLine="65" xOffset="0" scrollWidth="1413" startPos="2013" endPos="2013" selMode="0" offset="0" wrapCount="1" lang="C++" encoding="-1" userReadOnly="no" filename="E:\soul\code\include\font.h" backupFilePath="" originalFileLastModifTimestamp="227660800" originalFileLastModifTimestampHigh="31045825" mapFirstVisibleDisplayLine="-1" mapFirstVisibleDocLine="-1" mapLastVisibleDocLine="-1" mapNbLine="-1" mapHigherPos="-1" mapWidth="-1" mapHeight="-1" mapKByteInDoc="3145776" mapWrapIndentMode="-1" mapIsWrap="no" />
            <File firstVisibleLine="108" xOffset="0" scrollWidth="1207" startPos="2717" endPos="2717" selMode="0" offset="0" wrapCount="1" lang="C++" encoding="-1" userReadOnly="no" filename="E:\soul\code\include\file.h" backupFilePath="" originalFileLastModifTimestamp="-159526656" originalFileLastModifTimestampHigh="31045910" mapFirstVisibleDisplayLine="-1" mapFirstVisibleDocLine="-1" mapLastVisibleDocLine="-1" mapNbLine="-1" mapHigherPos="-1" mapWidth="-1" mapHeight="-1" mapKByteInDoc="0" mapWrapIndentMode="-1" mapIsWrap="no" />
            <File firstVisibleLine="142" xOffset="0" scrollWidth="1989" startPos="3684" endPos="3684" selMode="0" offset="0" wrapCount="1" lang="C" encoding="-1" userReadOnly="no" filename="E:\soul\code\examples\font\draw_my_characters.c" backupFilePath="" originalFileLastModifTimestamp="-1029592064" originalFileLastModifTimestampHigh="31045908" mapFirstVisibleDisplayLine="-1" mapFirstVisibleDocLine="-1" mapLastVisibleDocLine="-1" mapNbLine="-1" mapHigherPos="-1" mapWidth="-1" mapHeight="-1" mapKByteInDoc="3145776" mapWrapIndentMode="-1" mapIsWrap="no" />
            <File firstVisibleLine="171" xOffset="0" scrollWidth="935" startPos="3814" endPos="3814" selMode="0" offset="0" wrapCount="1" lang="C++" encoding="-1" userReadOnly="no" filename="E:\soul\code\include\table.h" backupFilePath="" originalFileLastModifTimestamp="1855309824" originalFileLastModifTimestampHigh="31045906" mapFirstVisibleDisplayLine="-1" mapFirstVisibleDocLine="-1" mapLastVisibleDocLine="-1" mapNbLine="-1" mapHigherPos="-1" mapWidth="-1" mapHeight="-1" mapKByteInDoc="3145776" mapWrapIndentMode="-1" mapIsWrap="no" />
            <File firstVisibleLine="6" xOffset="0" scrollWidth="937" startPos="0" endPos="0" selMode="0" offset="0" wrapCount="1" lang="C" encoding="-1" userReadOnly="no" filename="E:\soul\code\examples\general\my_character_set.c" backupFilePath="" originalFileLastModifTimestamp="-1934755584" originalFileLastModifTimestampHigh="31045903" mapFirstVisibleDisplayLine="-1" mapFirstVisibleDocLine="-1" mapLastVisibleDocLine="-1" mapNbLine="-1" mapHigherPos="-1" mapWidth="-1" mapHeight="-1" mapKByteInDoc="0" mapWrapIndentMode="-1" mapIsWrap="no" />
        </mainView>
        <subView activeIndex="0" />
    </Session>
</NotepadPlus>
