<?xml version="1.0" encoding="UTF-8" ?>
<NotepadPlus>
    <InternalCommands>
        <Shortcut id="42071" Ctrl="no" Alt="no" Shift="no" Key="0" />
    </InternalCommands>
    <Macros>
        <Macro name="Trim Trailing Space and Save" Ctrl="no" Alt="yes" Shift="yes" Key="83">
            <Action type="2" message="0" wParam="42024" lParam="0" sParam="" />
            <Action type="2" message="0" wParam="41006" lParam="0" sParam="" />
        </Macro>
    </Macros>
    <UserDefinedCommands />
    <PluginCommands />
    <ScintillaKeys />
</NotepadPlus>
