<?xml version="1.0" encoding="Windows-1252"?>
<NotepadPlus>
    <LexerStyles>
          <LexerType name="c" desc="C" ext="cw">
            <WordsStyle name="PREPROCESSOR" styleID="9" fgColor="FF79C6" bgColor="282A36" fontName="" fontStyle="0" fontSize="" />
            <WordsStyle name="DEFAULT" styleID="11" fgColor="F8F8F2" bgColor="282A36" fontName="" fontStyle="0" fontSize="" />
            <WordsStyle name="INSTRUCTION WORD" styleID="5" fgColor="FF79C6" bgColor="282A36" fontName="" fontStyle="0" fontSize="" keywordClass="instre1" />
            <WordsStyle name="TYPE WORD" styleID="16" fgColor="50FA7B" bgColor="282A36" fontName="" fontStyle="0" fontSize="" />
            <WordsStyle name="NUMBER" styleID="4" fgColor="FF5555" bgColor="282A36" fontName="" fontStyle="0" fontSize="" />
            <WordsStyle name="STRING" styleID="6" fgColor="FF5555" bgColor="282A36" fontName="" fontStyle="0" fontSize="" />
            <WordsStyle name="CHARACTER" styleID="7" fgColor="FFB86C" bgColor="282A36" fontName="" fontStyle="0" fontSize="" />
            <WordsStyle name="OPERATOR" styleID="10" fgColor="FF79C6" bgColor="282A36" fontName="" fontStyle="0" fontSize="" />
            <WordsStyle name="VERBATIM" styleID="13" fgColor="F8F8F2" bgColor="282A36" fontName="" fontStyle="0" fontSize="" />
            <WordsStyle name="REGEX" styleID="14" fgColor="8BE9FD" bgColor="282A36" fontName="" fontStyle="0" fontSize="" />
            <WordsStyle name="COMMENT" styleID="1" fgColor="6272A4" bgColor="282A36" fontName="" fontStyle="0" fontSize="" />
            <WordsStyle name="COMMENT LINE" styleID="2" fgColor="6272A4" bgColor="282A36" fontName="" fontStyle="0" fontSize="" />
            <WordsStyle name="COMMENT DOC" styleID="3" fgColor="6272A4" bgColor="282A36" fontName="" fontStyle="0" fontSize="" />
            <WordsStyle name="COMMENT LINE DOC" styleID="15" fgColor="6272A4" bgColor="282A36" fontName="" fontStyle="0" fontSize="" />
            <WordsStyle name="COMMENT DOC KEYWORD" styleID="17" fgColor="6272A4" bgColor="282A36" fontName="" fontStyle="0" fontSize="" />
            <WordsStyle name="COMMENT DOC KEYWORD ERROR" styleID="18" fgColor="6272A4" bgColor="282A36" fontName="" fontStyle="0" fontSize="" />
        </LexerType>
        <LexerType name="cpp" desc="C++" ext="">
            <WordsStyle name="PREPROCESSOR" styleID="9" fgColor="FF79C6" bgColor="282A36" fontName="" fontStyle="0" fontSize="" />
            <WordsStyle name="DEFAULT" styleID="11" fgColor="F8F8F2" bgColor="282A36" fontName="" fontStyle="0" fontSize="" />
            <WordsStyle name="INSTRUCTION WORD" styleID="5" fgColor="FF79C6" bgColor="282A36" fontName="" fontStyle="0" fontSize="" keywordClass="instre1">alignas alignof noexcept nullptr static_assert thread_local final override</WordsStyle>
            <WordsStyle name="TYPE WORD" styleID="16" fgColor="50FA7B" bgColor="282A36" fontName="" fontStyle="0" fontSize="" />
            <WordsStyle name="NUMBER" styleID="4" fgColor="FF5555" bgColor="282A36" fontName="" fontStyle="0" fontSize="" />
            <WordsStyle name="STRING" styleID="6" fgColor="FF5555" bgColor="282A36" fontName="" fontStyle="0" fontSize="" />
            <WordsStyle name="CHARACTER" styleID="7" fgColor="FFB86C" bgColor="282A36" fontName="" fontStyle="0" fontSize="" />
            <WordsStyle name="OPERATOR" styleID="10" fgColor="FF79C6" bgColor="282A36" fontName="" fontStyle="0" fontSize="" />
            <WordsStyle name="VERBATIM" styleID="13" fgColor="F8F8F2" bgColor="282A36" fontName="" fontStyle="0" fontSize="" />
            <WordsStyle name="REGEX" styleID="14" fgColor="8BE9FD" bgColor="282A36" fontName="" fontStyle="0" fontSize="" />
            <WordsStyle name="COMMENT" styleID="1" fgColor="6272A4" bgColor="282A36" fontName="" fontStyle="0" fontSize="" />
            <WordsStyle name="COMMENT LINE" styleID="2" fgColor="6272A4" bgColor="282A36" fontName="" fontStyle="0" fontSize="" />
            <WordsStyle name="COMMENT DOC" styleID="3" fgColor="6272A4" bgColor="282A36" fontName="" fontStyle="0" fontSize="" />
            <WordsStyle name="COMMENT LINE DOC" styleID="15" fgColor="6272A4" bgColor="282A36" fontName="" fontStyle="0" fontSize="" />
            <WordsStyle name="COMMENT DOC KEYWORD" styleID="17" fgColor="6272A4" bgColor="282A36" fontName="" fontStyle="0" fontSize="" />
            <WordsStyle name="COMMENT DOC KEYWORD ERROR" styleID="18" fgColor="6272A4" bgColor="282A36" fontName="" fontStyle="0" fontSize="" />
            <WordsStyle name="PREPROCESSOR COMMENT" styleID="23" fgColor="6272A4" bgColor="282A36" fontName="" fontStyle="0" fontSize="" />
            <WordsStyle name="PREPROCESSOR COMMENT DOC" styleID="24" fgColor="6272A4" bgColor="282A36" fontName="" fontStyle="0" fontSize="" />
        </LexerType>
        <LexerType name="html" desc="HTML" ext="">
            <WordsStyle name="DEFAULT" styleID="0" fgColor="F8F8F2" bgColor="282A36" fontName="" fontStyle="0" fontSize="" />
            <WordsStyle name="COMMENT" styleID="9" fgColor="6272A4" bgColor="282A36" fontName="" fontStyle="0" fontSize="" />
            <WordsStyle name="NUMBER" styleID="5" fgColor="B5CEA8" bgColor="282A36" fontName="" fontStyle="0" fontSize="" />
            <WordsStyle name="DOUBLESTRING" styleID="6" fgColor="F8F8F2" bgColor="282A36" fontName="" fontStyle="0" fontSize="" />
            <WordsStyle name="SINGLESTRING" styleID="7" fgColor="F8F8F2" bgColor="282A36" fontName="" fontStyle="0" fontSize="" />
            <WordsStyle name="TAG" styleID="1" fgColor="FF79C6" bgColor="282A36" fontName="" fontStyle="0" fontSize="" />
            <WordsStyle name="TAGEND" styleID="11" fgColor="FF79C6" bgColor="282A36" fontName="" fontStyle="0" fontSize="" />
            <WordsStyle name="TAGUNKNOWN" styleID="2" fgColor="FF79C6" bgColor="282A36" fontName="" fontStyle="0" fontSize="" />
            <WordsStyle name="ATTRIBUTE" styleID="3" fgColor="50FA7B" bgColor="282A36" fontName="" fontStyle="0" fontSize="" />
            <WordsStyle name="ATTRIBUTEUNKNOWN" styleID="4" fgColor="50FA7B" bgColor="282A36" fontName="" fontStyle="0" fontSize="" />
            <WordsStyle name="SGMLDEFAULT" styleID="21" fgColor="F8F8F2" bgColor="282A36" fontName="" fontStyle="0" fontSize="" />
            <WordsStyle name="CDATA" styleID="17" fgColor="FF79C6" bgColor="282A36" fontName="" fontStyle="0" fontSize="" />
            <WordsStyle name="VALUE" styleID="19" fgColor="FF79C6" bgColor="282A36" fontName="" fontStyle="0" fontSize="" />
            <WordsStyle name="ENTITY" styleID="10" fgColor="FF79C6" bgColor="282A36" fontName="" fontStyle="0" fontSize="" />
        </LexerType>
        <LexerType name="css" desc="CSS" ext="">
            <WordsStyle name="DEFAULT" styleID="0" fgColor="F8F8F2" bgColor="282A36" fontName="" fontStyle="0" fontSize="" />
            <WordsStyle name="TAG" styleID="1" fgColor="FF79C6" bgColor="282A36" fontName="Batang" fontStyle="0" fontSize="" />
            <WordsStyle name="CLASS" styleID="2" fgColor="50FA7B" bgColor="282A36" fontName="" fontStyle="0" fontSize="" />
            <WordsStyle name="PSEUDOCLASS" styleID="3" fgColor="50FA7B" bgColor="282A36" fontName="" fontStyle="1" fontSize="" />
            <WordsStyle name="UNKNOWN_PSEUDOCLASS" styleID="4" fgColor="F8F8F2" bgColor="282A36" fontName="" fontStyle="0" fontSize="" />
            <WordsStyle name="OPERATOR" styleID="5" fgColor="FF79C6" bgColor="282A36" fontName="" fontStyle="1" fontSize="" />
            <WordsStyle name="IDENTIFIER" styleID="6" fgColor="F8F8F2" bgColor="282A36" fontName="" fontStyle="1" fontSize="" keywordClass="instre1" />
            <WordsStyle name="UNKNOWN_IDENTIFIER" styleID="7" fgColor="F8F8F2" bgColor="282A36" fontName="" fontStyle="0" fontSize="" />
            <WordsStyle name="VALUE" styleID="8" fgColor="F8F8F2" bgColor="282A36" fontName="" fontStyle="1" fontSize="" />
            <WordsStyle name="COMMENT" styleID="9" fgColor="6272A4" bgColor="282A36" fontName="" fontStyle="0" fontSize="" />
            <WordsStyle name="ID" styleID="10" fgColor="50FA7B" bgColor="282A36" fontName="" fontStyle="1" fontSize="" />
            <WordsStyle name="IMPORTANT" styleID="11" fgColor="50FA7B" bgColor="282A36" fontName="" fontStyle="1" fontSize="" />
            <WordsStyle name="DIRECTIVE" styleID="12" fgColor="50FA7B" bgColor="282A36" fontName="" fontStyle="0" fontSize="" />
        </LexerType>
        <LexerType name="javascript" desc="JavaScript (embedded)" ext="">
            <WordsStyle name="DEFAULT" styleID="41" fgColor="F8F8F2" bgColor="282A36" fontName="" fontStyle="0" fontSize="" />
            <WordsStyle name="NUMBER" styleID="45" fgColor="FF5555" bgColor="282A36" fontName="" fontStyle="0" fontSize="" />
            <WordsStyle name="WORD" styleID="46" fgColor="50FA7B" bgColor="282A36" fontName="" fontStyle="0" fontSize="" />
            <WordsStyle name="KEYWORD" styleID="47" fgColor="FF79C6" bgColor="282A36" fontName="" fontStyle="3" fontSize="" keywordClass="instre1" />
            <WordsStyle name="DOUBLESTRING" styleID="48" fgColor="FF5555" bgColor="282A36" fontName="" fontStyle="0" fontSize="" />
            <WordsStyle name="SINGLESTRING" styleID="49" fgColor="FF5555" bgColor="282A36" fontName="" fontStyle="0" fontSize="" />
            <WordsStyle name="SYMBOLS" styleID="50" fgColor="F8F8F2" bgColor="282A36" fontName="" fontStyle="1" fontSize="" />
            <WordsStyle name="REGEX" styleID="52" fgColor="8BE9FD" bgColor="282A36" fontName="" fontStyle="0" fontSize="" />
            <WordsStyle name="COMMENT" styleID="42" fgColor="6272A4" bgColor="282A36" fontName="" fontStyle="0" fontSize="" />
            <WordsStyle name="COMMENTLINE" styleID="43" fgColor="6272A4" bgColor="282A36" fontName="" fontStyle="0" fontSize="" />
            <WordsStyle name="COMMENTDOC" styleID="44" fgColor="6272A4" bgColor="282A36" fontName="" fontStyle="0" fontSize="" />
        </LexerType>
        <LexerType name="batch" desc="Batch" ext="">
            <WordsStyle name="DEFAULT" styleID="0" fgColor="F8F8F2" bgColor="282A36" fontName="" fontStyle="0" fontSize="" />
            <WordsStyle name="COMMENT" styleID="1" fgColor="6272A4" bgColor="282A36" fontName="" fontStyle="0" fontSize="" />
            <WordsStyle name="KEYWORDS" styleID="2" fgColor="FF79C6" bgColor="282A36" fontName="" fontStyle="0" fontSize="" keywordClass="instre1" />
            <WordsStyle name="LABEL" styleID="3" fgColor="50FA7B" bgColor="282A36" fontName="" fontStyle="0" fontSize="">import</WordsStyle>
            <WordsStyle name="HIDE SYBOL" styleID="4" fgColor="FF79C6" bgColor="282A36" fontName="" fontStyle="0" fontSize="">import</WordsStyle>
            <WordsStyle name="COMMAND" styleID="5" fgColor="66D9EF" bgColor="282A36" fontName="" fontStyle="0" fontSize="" />
            <WordsStyle name="VARIABLE" styleID="6" fgColor="50FA7B" bgColor="282A36" fontName="" fontStyle="0" fontSize="" />
            <WordsStyle name="OPERATOR" styleID="7" fgColor="FF79C6" bgColor="282A36" fontName="" fontStyle="0" fontSize="" />
        </LexerType>
        <LexerType name="ini" desc="ini file" ext="cfg conf">
            <WordsStyle name="DEFAULT" styleID="0" fgColor="F8F8F2" bgColor="282A36" fontName="" fontStyle="0" fontSize="" />
            <WordsStyle name="COMMENT" styleID="1" fgColor="6272A4" bgColor="282A36" fontName="" fontStyle="0" fontSize="" />
            <WordsStyle name="SECTION" styleID="2" fgColor="FF79C6" bgColor="282A36" fontName="" fontStyle="1" fontSize="" />
            <WordsStyle name="ASSIGNMENT" styleID="3" fgColor="FF79C6" bgColor="282A36" fontName="" fontStyle="1" fontSize="" />
            <WordsStyle name="DEFVAL" styleID="4" fgColor="FF79C6" bgColor="282A36" fontName="" fontStyle="0" fontSize="" />
        </LexerType>
        <LexerType name="php" desc="php" ext="">
            <WordsStyle name="QUESTION MARK" styleID="18" fgColor="50FA7B" bgColor="282A36" fontName="" fontStyle="0" fontSize="" />
            <WordsStyle name="DEFAULT" styleID="118" fgColor="F8F8F2" bgColor="282A36" fontName="" fontStyle="0" fontSize="" />
            <WordsStyle name="STRING" styleID="119" fgColor="FF5555" bgColor="282A36" fontName="" fontStyle="0" fontSize="" />
            <WordsStyle name="STRING VARIABLE" styleID="126" fgColor="FF5555" bgColor="282A36" fontName="" fontStyle="1" fontSize="" />
            <WordsStyle name="SIMPLESTRING" styleID="120" fgColor="FF5555" bgColor="282A36" fontName="" fontStyle="0" fontSize="" />
            <WordsStyle name="WORD" styleID="121" fgColor="FF79C6" bgColor="282A36" fontName="" fontStyle="1" fontSize="" keywordClass="instre1" />
            <WordsStyle name="NUMBER" styleID="122" fgColor="FF5555" bgColor="282A36" fontName="" fontStyle="0" fontSize="" />
            <WordsStyle name="VARIABLE" styleID="123" fgColor="50FA7B" bgColor="282A36" fontName="" fontStyle="0" fontSize="" />
            <WordsStyle name="COMMENT" styleID="124" fgColor="6272A4" bgColor="282A36" fontName="" fontStyle="0" fontSize="" />
            <WordsStyle name="COMMENTLINE" styleID="125" fgColor="6272A4" bgColor="282A36" fontName="" fontStyle="0" fontSize="" />
            <WordsStyle name="OPERATOR" styleID="127" fgColor="FF79C6" bgColor="282A36" fontName="" fontStyle="0" fontSize="" />
        </LexerType>
    </LexerStyles>
    <GlobalStyles>
        <!-- Attention : Don't modify the name of styleID="0" -->
        <WidgetStyle name="Global override" styleID="0" fgColor="F8F8F2" bgColor="282A36" fontName="Consolas" fontStyle="0" fontSize="10" />
        <WidgetStyle name="Default Style" styleID="32" fgColor="F8F8F2" bgColor="282A36" fontName="Consolas" fontStyle="0" fontSize="10" />
        <WidgetStyle name="Indent guideline style" styleID="37" fgColor="F8F8F2" bgColor="282A36" fontName="" fontStyle="0" fontSize="" />
        <WidgetStyle name="Brace highlight style" styleID="34" fgColor="F8F8F2" bgColor="BD93F9" fontName="" fontStyle="1" fontSize="10" />
        <WidgetStyle name="Bad brace colour" styleID="35" fgColor="F8F8F2" bgColor="FF5555" fontName="" fontStyle="0" fontSize="" />
        <WidgetStyle name="Current line background colour" styleID="0" bgColor="2F3142" fgColor="F8F8F2" fontSize="" fontStyle="0" />
        <WidgetStyle name="Selected text colour" styleID="0" bgColor="44475A" fgColor="F8F8F2" fontStyle="0" />
        <WidgetStyle name="Caret colour" styleID="2069" fgColor="F8F8F2" bgColor="282A36" fontStyle="0" />
        <WidgetStyle name="Edge colour" styleID="0" fgColor="F8F8F2" bgColor="282A36" fontSize="" fontStyle="0" />
        <WidgetStyle name="Line number margin" styleID="33" fgColor="F8F8F2" bgColor="282A36" fontName="" fontStyle="0" fontSize="" />
        <WidgetStyle name="Fold" styleID="0" fgColor="BD93F9" bgColor="282A36" fontStyle="0" fontSize="" />
        <WidgetStyle name="Fold active" styleID="0" fgColor="BD93F9" fontStyle="0" fontSize="" bgColor="282A36" />
        <WidgetStyle name="Fold margin" styleID="0" fgColor="282A36" bgColor="282A36" fontStyle="0" fontSize="" />
        <WidgetStyle name="White space symbol" styleID="0" fgColor="F8F8F2" bgColor="282A36" fontStyle="0" fontSize="" />
        <WidgetStyle name="URL hovered" styleID="0" fgColor="F1FA8C" bgColor="282A36" fontStyle="0" />
        <WidgetStyle name="Tags attribute" styleID="26" bgColor="282A36" fgColor="F8F8F2" fontStyle="0" />
        <WidgetStyle name="Tags match highlighting" styleID="27" bgColor="BD93F9" fgColor="FFCAB0" fontStyle="0" />
        <WidgetStyle name="Smart HighLighting" styleID="29" bgColor="8BE9FD" fgColor="F8F8F2" fontSize="" fontStyle="1" />
        <WidgetStyle name="Active tab focused indicator" styleID="0" fgColor="FF5555" fontStyle="0" />
    </GlobalStyles>
</NotepadPlus>
